{"book_id":222,"title":"Python Programming","cost":370,"img":"python.jpg"}
{"book_id":223,"title":"Engineering Chemistry-Jain & Jain","cost":380,"img":"image/Chem1jpg.jpg"}
{"book_id":224,"title":"The C++","cost":380,"img":"image/C.jpg"}
{"book_id":225,"title":"Effective Java","cost":300,"img":"Java.jpg"}
{"book_id":226,"title":"Higher Engineering Mathematics","cost":700,"img":"image/Bs.jpg"}
{"book_id":227,"title":"Programming in C","cost":600,"img":"C.jpg"}
{"book_id":228,"title":"Fluid mechanics","cost":450,"img":"image/p1.jpg"}
{"book_id":229,"title":"C#","cost":300,"img":"image/chash.jpg"}
{"book_id":230,"title":"Civil Engineering Book","cost":400,"img":"image/ci12.jpg"}
{"book_id":231,"title":"Civil Eng-Qs and ans","cost":500,"img":"image/ci.jpg"}
{"book_id":232,"title":"Basic Electrical Engineering","cost":500,"img":"image/eee1.jpg"}
{"book_id":233,"title":"Engineering Chemistry","cost":400,"img":"image/chem2.jpg"}
{"book_id":234,"title":"Think Python","cost":400,"img":"image/python1.jpg"}
{"book_id":235,"title":"Basic mechanical Engineering","cost":400,"img":"image/mech2.jpg"}
{"book_id":236,"title":"Discrete Mathematics","cost":300,"img":"image/math2jpg.jpg"}
{"book_id":237,"title":"Programming with Java","cost":433,"img":"image/j2.jpg"}
