{"book_id":223,"title":"Engineering Chemistry-Jain & Jain","cost":380,"published_date":"2020-12-20","publisher_id":4,"category":"Chemistry Chemical","img":"image/Chem1jpg.jpg","stock":52,"pname":"Dhanpat Rai","author":"Jain"}
{"book_id":224,"title":"The C++","cost":380,"published_date":"2020-10-20","publisher_id":2,"category":"Computer Engineering","img":"image/C.jpg","stock":52,"pname":"Khanna Publishers","author":"Bjarne Stourstrup"}
{"book_id":225,"title":"Effective Java","cost":300,"published_date":"2021-10-19","publisher_id":2,"category":"Computer Engineering","img":"Java.jpg","stock":50,"pname":"Khanna Publishers","author":"Joshua Bloch"}
{"book_id":226,"title":"Higher Engineering Mathematics","cost":700,"published_date":"2017-11-10","publisher_id":2,"category":"Mathematics ","img":"image/Bs.jpg","stock":48,"pname":"Khanna Publishers","author":"Bs Grewal"}
{"book_id":227,"title":"Programming in C","cost":600,"published_date":"2016-11-11","publisher_id":1,"category":"Computer Engineering","img":"C.jpg","stock":73,"pname":"S Chand","author":"Pradep Day Manas Gosh"}
{"book_id":228,"title":"Fluid mechanics","cost":450,"published_date":"2016-02-10","publisher_id":5,"category":"Mechanical Engineering","img":"image/p1.jpg","stock":50,"pname":"wiley","author":"Barbara C Willaims"}
{"book_id":229,"title":"C#","cost":300,"published_date":"2017-06-20","publisher_id":1,"category":"Computer Engineering","img":"image/chash.jpg","stock":47,"pname":"S Chand","author":"Nathan Clark"}
{"book_id":230,"title":"Civil Engineering Book","cost":400,"published_date":"2019-10-10","publisher_id":1,"category":"Civil Engineering","img":"image/ci12.jpg","stock":50,"pname":"S chand","author":"RS Ghumi JK Gupta"}
{"book_id":231,"title":"Civil Eng-Qs and ans","cost":500,"published_date":"2021-01-31","publisher_id":2,"category":"Civil Engineering","img":"image/ci.jpg","stock":52,"pname":"Khanna Publishers","author":"Agor R"}
{"book_id":232,"title":"Basic Electrical Engineering","cost":500,"published_date":"2020-01-31","publisher_id":1,"category":"eee","img":"image/eee1.jpg","stock":50,"pname":"S Chand","author":"VK Mehta Rohit Mehta"}
{"book_id":222,"title":"Python Programming","cost":370,"published_date":"2019-02-20","publisher_id":1,"category":"Computer Engineering","img":"python.jpg","stock":14,"pname":"S Chand","author":"Chris Sebestian"}
{"book_id":233,"title":"Engineering Chemistry","cost":400,"published_date":"2019-10-31","publisher_id":2,"category":"Chemistry Chemical","img":"image/chem2.jpg","stock":44,"pname":"Khanna Publishers","author":"MM Uppal"}
{"book_id":234,"title":"Think Python","cost":400,"published_date":"2019-10-19","publisher_id":6,"category":"Computer Engineering","img":"image/python1.jpg","stock":50,"pname":"Orelly","author":"Adan B Gorway"}
{"book_id":235,"title":"Basic mechanical Engineering","cost":400,"published_date":"2020-10-19","publisher_id":1,"category":"Mechanical Engineering","img":"image/mech2.jpg","stock":56,"pname":"S Chand","author":"Sadhu Singh"}
{"book_id":236,"title":"Discrete Mathematics","cost":300,"published_date":"2018-10-19","publisher_id":3,"category":"Mathematics","img":"image/math2jpg.jpg","stock":42,"pname":"Mc Graw Hill","author":"Veerarajan T"}
{"book_id":237,"title":"Programming with Java","cost":433,"published_date":"2018-10-19","publisher_id":3,"category":"Computer Engineering","img":"image/j2.jpg","stock":0,"pname":"Mc Graw Hill","author":"Balagurusamy"}
