{"user_id":371866676,"user_name":"123@gmail.com","passwordd":"1234","tid":1,"id":1}
{"user_id":85930,"user_name":"aditi7@gmail.com","passwordd":"323","tid":2,"id":2}
{"user_id":10000,"user_name":"mm","passwordd":"123","tid":4,"id":3}
{"user_id":6357392,"user_name":"mary123@ymail.com","passwordd":"1234","tid":5,"id":4}
{"user_id":9000,"user_name":"a@gmail.com","passwordd":"1234","tid":6,"id":5}
{"user_id":333445566,"user_name":"m@gmail.com","passwordd":"12345","tid":7,"id":6}
{"user_id":559299,"user_name":"shiv32@gmail.com","passwordd":"1234","tid":8,"id":7}
{"user_id":267,"user_name":"agi@gmail.com","passwordd":"1234","tid":9,"id":8}
{"user_id":8728462,"user_name":"m123@gmail.com","passwordd":"1234","tid":10,"id":9}
{"user_id":359405,"user_name":"ch@gmail.com","passwordd":"323","tid":11,"id":10}
{"user_id":987212693,"user_name":"maryy@1.com","passwordd":"223","tid":12,"id":12}
{"user_id":927518,"user_name":"ab@gm.com","passwordd":"1","tid":13,"id":13}
{"user_id":430553264,"user_name":"11@gmail.com","passwordd":"22","tid":14,"id":14}
{"user_id":22637292,"user_name":"agilan@gmail.com","passwordd":"1234","tid":15,"id":15}
{"user_id":897537107,"user_name":"ss@gmail.com","passwordd":"1234","tid":16,"id":16}
{"user_id":5556352,"user_name":"s1@gmail.com","passwordd":"1234","tid":17,"id":17}
{"user_id":892323,"user_name":"bb@gamil.com","passwordd":"1234","tid":38,"id":38}
{"user_id":187030558,"user_name":"agm@mmail.com","passwordd":"1234","tid":18,"id":18}
{"user_id":497735,"user_name":"maryq@y.com","passwordd":"00","tid":19,"id":19}
{"user_id":636226,"user_name":"bhav@yah.com","passwordd":"12","tid":20,"id":20}
{"user_id":609524318,"user_name":"bh@gmail.com","passwordd":"1234","tid":21,"id":21}
{"user_id":934504173,"user_name":"s@yh.com","passwordd":"1234","tid":22,"id":22}
{"user_id":13538524,"user_name":"1@gmail.com","passwordd":"100","tid":23,"id":23}
{"user_id":65712327,"user_name":"ask@gmail.com","passwordd":"123","tid":24,"id":24}
{"user_id":304829183,"user_name":"mudilan@gmail.com","passwordd":"1234","tid":25,"id":25}
{"user_id":1255742,"user_name":"se@gfmail.com","passwordd":"100","tid":39,"id":39}
{"user_id":65960470,"user_name":"Ahgg@h.com","passwordd":"123","tid":40,"id":40}
{"user_id":479,"user_name":"ag1@gm.com","passwordd":"1","tid":41,"id":41}
{"user_id":35948,"user_name":"bis@g.com","passwordd":"11","tid":42,"id":42}
{"user_id":13662,"user_name":"la@m.com","passwordd":"la","tid":43,"id":43}
{"user_id":1581352,"user_name":"bb1@g.com","passwordd":"1","tid":44,"id":44}
{"user_id":3714,"user_name":"dhanlak@1.com","passwordd":"1","tid":45,"id":45}
{"user_id":8217541,"user_name":"rsrav@2.com","passwordd":"2","tid":46,"id":46}
{"user_id":19255708,"user_name":"charsdhan@12.com","passwordd":"12","tid":47,"id":47}
{"user_id":254318,"user_name":"ara@g.com","passwordd":"1234","tid":48,"id":48}
{"user_id":372432,"user_name":"rajlaks1@a.com","passwordd":"1234","tid":49,"id":49}
{"user_id":577911045,"user_name":"Shivaanis32@gmail.com","passwordd":"1234","tid":3,"id":11}
{"user_id":70538,"user_name":"s123@m.com","passwordd":"123","tid":50,"id":50}
{"user_id":392443071,"user_name":"shiv3@gmail.com","passwordd":"12345","tid":51,"id":51}
{"user_id":70883,"user_name":"82shiv@gmail.com","passwordd":"1234","tid":52,"id":52}
{"user_id":328926,"user_name":"sh@gmail.com","passwordd":"12345","tid":53,"id":53}
{"user_id":223774645,"user_name":"pro@gmail.com","passwordd":"12345","tid":54,"id":54}
{"user_id":97197312,"user_name":"siva1@gmail.com","passwordd":"12345","tid":55,"id":55}
{"user_id":9153068,"user_name":"char1@gmail.com","passwordd":"12345","tid":56,"id":56}
